Designator,Footprint,Quantity,Value,LCSC Part #
C1,0805,1,4.7nf,C1744
"D1, D2, D5, D6, D7, D8",D_SOD-323,6,1N4148WS,C2128
"D3, D4",0805,2,LED,C84256
"J1, J3",PinSocket_1x15_P2.54mm_Vertical,2,Conn_01x15_Pin,
J2,USB_C_Receptacle_Molex_105450-0101,1,USB_C_Receptacle,C134092
J4,PinSocket_1x04_P2.54mm_Vertical,1,Conn_01x04_Pin,
J5,PinSocket_1x06_P2.54mm_Vertical,1,Conn_01x06_Pin,
"J6, J7",PinHeader_1x02_P2.54mm_Vertical,2,Conn_01x02_Pin,
"Q1, Q2",SOT-23,2,MMBT3904,C20526
R1,0805,1,1M,C17514
"R10, R11",0805,2,4.7k,C17673
"R12, R13, R2, R3, R6, R7",0805,6,150,C17471 
"R4, R5",2512,2,1,C11254
"R8, R9",0805,2,10k,C17414
SW1,SW_DIP_SPSTx01_Slide_9.78x4.72mm_W7.62mm_P2.54mm,1,SW_DIP_x01,
"T1, T2",TO-220-3_Vertical,2,TIP31C,C13506
TP1,TestPoint_THTPad_1.0x1.0mm_Drill0.5mm,1,pwm_q1,
TP10,TestPoint_THTPad_1.0x1.0mm_Drill0.5mm,1,temperatura1_bit,
TP11,TestPoint_THTPad_1.0x1.0mm_Drill0.5mm,1,temperatura2_bit,
TP12,TestPoint_THTPad_1.0x1.0mm_Drill0.5mm,1,ventilador1,
TP13,TestPoint_THTPad_1.0x1.0mm_Drill0.5mm,1,ventilador2,
TP2,TestPoint_THTPad_1.0x1.0mm_Drill0.5mm,1,pwm_q2,
TP5,TestPoint_THTPad_1.0x1.0mm_Drill0.5mm,1,V_corriente_filtro_Q1,
TP6,TestPoint_THTPad_1.0x1.0mm_Drill0.5mm,1,V_corriente_filtro_Q2,
TP7,TestPoint_THTPad_1.0x1.0mm_Drill0.5mm,1,tension_5V,
TP8,TestPoint_THTPad_1.0x1.0mm_Drill0.5mm,1,tension_3V3,
TP9,TestPoint_THTPad_1.0x1.0mm_Drill0.5mm,1,tension_Vin_esp,
U2,SOIC-8_3.9x4.9mm_P1.27mm,1,LM358,C7950
"U3, U4",TO-92_Inline,2,DS18B20,C9753
"U5, U6",SOIC-8_3.9x4.9mm_P1.27mm,2,DS18B20Z,C97190
