Designator,Mid X,Mid Y,Rotation,Layer
C1,29.45,-94.5,0.0,top
D1,43.0875,-36.5,0.0,top
D2,87.5,-36.5,0.0,top
D3,75.0,-67.5,180.0,top
D4,54.5625,-67.0,180.0,top
D5,52.0,-32.5,180.0,top
D6,76.45,-33.0,0.0,top
D7,58.5,-39.0,90.0,top
D8,72.5,-38.5,90.0,top
H1,28.0,-33.0,0.0,top
H2,102.0,-33.0,0.0,top
H3,27.9255,-101.4525,0.0,top
H4,101.9839,-101.4951,0.0,top
J1,57.0215,-72.4034,90.0,top
J2,29.34,-83.01,270.0,top
J3,57.0034,-97.3996,90.0,top
J4,96.5,-83.19,180.0,top
J5,86.4503,-84.5895,0.0,top
J6,61.9929,-39.2119,0.0,top
J7,67.9848,-39.1919,0.0,top
Q1,52.0,-38.0,270.0,top
Q2,78.0,-38.0,270.0,top
R1,29.4125,-91.0,0.0,top
R10,35.0,-54.5,270.0,top
R11,80.0,-54.5,270.0,top
R12,56.5,-32.5,0.0,top
R13,72.5,-33.0,180.0,top
R2,38.0875,-36.5,180.0,top
R3,85.0,-33.0,180.0,top
R4,54.5,-49.0,180.0,top
R5,75.0,-48.5,0.0,top
R6,70.5,-67.5,0.0,top
R7,50.5,-67.0,0.0,top
R8,57.0,-56.5,270.0,top
R9,72.5,-56.0,270.0,top
SW1,30.4575,-67.9875,180.0,top
T1,42.5393,-42.4438,0.0,top
T2,88.0311,-42.4073,0.0,top
TP1,44.0,-32.5,0.0,top
TP10,27.0,-55.0,0.0,top
TP11,102.0,-62.5,0.0,top
TP12,48.0,-32.5,0.0,top
TP13,80.5,-33.0,0.0,top
TP2,90.0,-33.0,0.0,top
TP5,61.5,-63.0,0.0,top
TP6,68.5,-63.0,0.0,top
TP7,27.0,-60.5,0.0,top
TP8,39.0,-102.0,90.0,top
TP9,39.5,-66.5,90.0,top
U2,64.8449,-52.0353,270.0,top
U3,42.73,-46.0,180.0,top
U4,87.73,-46.0,180.0,top
U5,42.5,-53.0,270.0,top
U6,88.0,-53.0,270.0,top
